limit_start_from_B,limit_end_from_B,limit_speed
0.0,0.05000000000001137,165.0
1.8500000000000227,2.75,185.0
4.350000000000023,4.850000000000023,115.0
5.350000000000023,5.649999999999977,165.0
6.149999999999977,6.649999999999977,150.0
9.050000000000011,10.25,310.0
13.649999999999977,14.449999999999989,310.0
99.05000000000001,101.55000000000001,185.0
101.94999999999999,104.05000000000001,185.0
447.65,451.25,310.0
478.55,481.25,210.0
